,Random Forest,XGBoost,Dual-Branch NN
0,0.8786531347352026,0.9300741700739876,0.89664378894081
1,0.8913813035436137,0.9371045073987538,0.9092843409267912
2,0.8958059832605354,0.9375405675800983,0.9178335692150021
3,0.8711357428721663,0.9239162187426969,0.9019308200903637
4,0.8978985914738646,0.9250667625808211,0.9027959341162266
mean,0.8869749511770765,0.9307404452752716,0.9056976906578388
std,0.010362066731973506,0.005761034903577519,0.007276348668205914
